{"state 0": {"bias": 23.487461470315324, "coef": 1.4320605911269366}, "state 1": {"bias": 52.85697760120599, "coef": -3.7361687342343184}, "state 2": {"bias": 1.9628249676765996, "coef": -0.1657741904810708}}