{"state 0": {"bias": 11.679059743205162, "coef": -0.42796891905556955}, "state 1": {"bias": 2.81660150805828, "coef": -2.1944419421097487}, "state 2": {"bias": 2.4923095412156715, "coef": 1.835792527776477}}